<?xml version="1.0" encoding="UTF-8"?>
<project-private xmlns="http://www.netbeans.org/ns/project-private/1">
    <data xmlns="http://www.netbeans.org/ns/make-project-private/1">
        <activeConfTypeElem>1</activeConfTypeElem>
        <activeConfIndexElem>0</activeConfIndexElem>
    </data>
    <editor-bookmarks xmlns="http://www.netbeans.org/ns/editor-bookmarks/2" lastBookmarkId="0"/>
    <open-files xmlns="http://www.netbeans.org/ns/projectui-open-files/2">
        <group>
            <file>file:/C:/Users/Nicholas/Documents/CIS-17A/Proj/Proj%202/Dungeon%20Crawler/Skeleton.h</file>
            <file>file:/C:/Users/Nicholas/Documents/CIS-17A/Proj/Proj%202/Dungeon%20Crawler/main.cpp</file>
            <file>file:/C:/Users/Nicholas/Documents/CIS-17A/Proj/Proj%202/Dungeon%20Crawler/Wolf.h</file>
            <file>file:/C:/Users/Nicholas/Documents/CIS-17A/Proj/Proj%202/Dungeon%20Crawler/Goblin.h</file>
            <file>file:/C:/Users/Nicholas/Documents/CIS-17A/Proj/Proj%202/Dungeon%20Crawler/Monster.h</file>
            <file>file:/C:/Users/Nicholas/Documents/CIS-17A/Proj/Proj%202/Dungeon%20Crawler/Player.cpp</file>
            <file>file:/C:/Users/Nicholas/Documents/CIS-17A/Proj/Proj%202/Dungeon%20Crawler/Player.h</file>
            <file>file:/C:/Users/Nicholas/Documents/CIS-17A/Proj/Proj%202/Dungeon%20Crawler/Weapon.h</file>
        </group>
    </open-files>
</project-private>
