<?xml version="1.0" encoding="UTF-8"?>
<configurationDescriptor version="100">
  <logicalFolder name="root" displayName="root" projectFiles="true" kind="ROOT">
    <logicalFolder name="f4"
                   displayName="Characters"
                   projectFiles="true"
                   kind="ROOT">
      <logicalFolder name="f1" displayName="Monsters" projectFiles="true">
        <logicalFolder name="f1" displayName="Headers" projectFiles="true">
          <itemPath>Goblin.h</itemPath>
          <itemPath>Monster.h</itemPath>
          <itemPath>Skeleton.h</itemPath>
          <itemPath>Wolf.h</itemPath>
        </logicalFolder>
        <itemPath>Monster.cpp</itemPath>
        <itemPath>Skeleton.cpp</itemPath>
        <itemPath>Wolf.cpp</itemPath>
      </logicalFolder>
      <itemPath>Player.cpp</itemPath>
      <itemPath>Player.h</itemPath>
    </logicalFolder>
    <logicalFolder name="HeaderFiles"
                   displayName="Header Files"
                   projectFiles="true">
    </logicalFolder>
    <logicalFolder name="ResourceFiles"
                   displayName="Resource Files"
                   projectFiles="true">
    </logicalFolder>
    <logicalFolder name="SourceFiles"
                   displayName="Source Files"
                   projectFiles="true">
      <itemPath>main.cpp</itemPath>
    </logicalFolder>
    <logicalFolder name="f2"
                   displayName="Utilities"
                   projectFiles="true"
                   kind="ROOT">
      <itemPath>RandomNumber.h</itemPath>
    </logicalFolder>
    <logicalFolder name="f3" displayName="Weapons" projectFiles="true" kind="ROOT">
      <logicalFolder name="f1" displayName="Headers" projectFiles="true" kind="ROOT">
        <itemPath>Longbow.h</itemPath>
        <itemPath>MagicStaff.h</itemPath>
        <itemPath>Sword.h</itemPath>
        <itemPath>Weapon.h</itemPath>
      </logicalFolder>
    </logicalFolder>
    <logicalFolder name="TestFiles"
                   displayName="Test Files"
                   projectFiles="false"
                   kind="TEST_LOGICAL_FOLDER">
    </logicalFolder>
    <logicalFolder name="ExternalFiles"
                   displayName="Important Files"
                   projectFiles="false"
                   kind="IMPORTANT_FILES_FOLDER">
      <itemPath>Makefile</itemPath>
    </logicalFolder>
  </logicalFolder>
  <projectmakefile>Makefile</projectmakefile>
  <confs>
    <conf name="Debug" type="1">
      <toolsSet>
        <compilerSet>default</compilerSet>
        <dependencyChecking>true</dependencyChecking>
        <rebuildPropChanged>false</rebuildPropChanged>
      </toolsSet>
      <compileType>
      </compileType>
      <item path="Goblin.h" ex="false" tool="3" flavor2="0">
      </item>
      <item path="Longbow.h" ex="false" tool="3" flavor2="0">
      </item>
      <item path="MagicStaff.h" ex="false" tool="3" flavor2="0">
      </item>
      <item path="Monster.cpp" ex="false" tool="1" flavor2="0">
      </item>
      <item path="Monster.h" ex="false" tool="3" flavor2="0">
      </item>
      <item path="Player.cpp" ex="false" tool="1" flavor2="0">
      </item>
      <item path="Player.h" ex="false" tool="3" flavor2="0">
      </item>
      <item path="RandomNumber.h" ex="false" tool="3" flavor2="0">
      </item>
      <item path="Skeleton.cpp" ex="false" tool="1" flavor2="0">
      </item>
      <item path="Skeleton.h" ex="false" tool="3" flavor2="0">
      </item>
      <item path="Sword.h" ex="false" tool="3" flavor2="0">
      </item>
      <item path="Weapon.h" ex="false" tool="3" flavor2="0">
      </item>
      <item path="Wolf.cpp" ex="false" tool="1" flavor2="0">
      </item>
      <item path="Wolf.h" ex="false" tool="3" flavor2="0">
      </item>
      <item path="main.cpp" ex="false" tool="1" flavor2="0">
      </item>
    </conf>
    <conf name="Release" type="1">
      <toolsSet>
        <compilerSet>default</compilerSet>
        <dependencyChecking>true</dependencyChecking>
        <rebuildPropChanged>false</rebuildPropChanged>
      </toolsSet>
      <compileType>
        <cTool>
          <developmentMode>5</developmentMode>
        </cTool>
        <ccTool>
          <developmentMode>5</developmentMode>
        </ccTool>
        <fortranCompilerTool>
          <developmentMode>5</developmentMode>
        </fortranCompilerTool>
        <asmTool>
          <developmentMode>5</developmentMode>
        </asmTool>
      </compileType>
      <item path="Goblin.h" ex="false" tool="3" flavor2="0">
      </item>
      <item path="Longbow.h" ex="false" tool="3" flavor2="0">
      </item>
      <item path="MagicStaff.h" ex="false" tool="3" flavor2="0">
      </item>
      <item path="Monster.cpp" ex="false" tool="1" flavor2="0">
      </item>
      <item path="Monster.h" ex="false" tool="3" flavor2="0">
      </item>
      <item path="Player.cpp" ex="false" tool="1" flavor2="0">
      </item>
      <item path="Player.h" ex="false" tool="3" flavor2="0">
      </item>
      <item path="RandomNumber.h" ex="false" tool="3" flavor2="0">
      </item>
      <item path="Skeleton.cpp" ex="false" tool="1" flavor2="0">
      </item>
      <item path="Skeleton.h" ex="false" tool="3" flavor2="0">
      </item>
      <item path="Sword.h" ex="false" tool="3" flavor2="0">
      </item>
      <item path="Weapon.h" ex="false" tool="3" flavor2="0">
      </item>
      <item path="Wolf.cpp" ex="false" tool="1" flavor2="0">
      </item>
      <item path="Wolf.h" ex="false" tool="3" flavor2="0">
      </item>
      <item path="main.cpp" ex="false" tool="1" flavor2="0">
      </item>
    </conf>
  </confs>
</configurationDescriptor>
